<DataBaseStructure ApplicationVersion='parsp 2.0'>

	<tables>
		<table name='Parsp_system' alias='SYSTEM_TABLE' > 
			<column TYPE='varchar(255)' >varName</column>
			<column TYPE='varchar(255)' >value</column>
		</table>

		<table name='Parsp_orders' alias='ORDERS_TABLE' > 
			<column TYPE='int' PRIMARYKEY='true' IDENTITY='true' >orderID</column>
			<column TYPE='int' >customerID</column>
			<column TYPE='datetime' >order_time</column>
			<column TYPE='varchar(15)' >customer_ip</column>
			<column TYPE='varchar(255)' >shipping_type</column>
			<column TYPE='varchar(255)' >payment_type</column>
			<column TYPE='varchar(255)' >customers_comment</column>
			<column TYPE='int' >statusID</column>
			<column TYPE='float' >shipping_cost</column>
			<column TYPE='float' >order_discount</column>
			<column TYPE='float' >order_amount</column>
			<column TYPE='varchar(255)' >currency_code</column>
			<column TYPE='float' >currency_value</column>
			<column TYPE='varchar(255)' >customer_firstname</column>
			<column TYPE='varchar(255)' >customer_lastname</column>
			<column TYPE='varchar(50)' >customer_email</column>
			<column TYPE='varchar(255)' >shipping_firstname</column>
			<column TYPE='varchar(255)' >shipping_lastname</column>
			<column TYPE='varchar(255)' >shipping_country</column>
			<column TYPE='varchar(255)' >shipping_state</column>
			<column TYPE='varchar(64)' >shipping_zip</column>
			<column TYPE='varchar(255)' >shipping_city</column>
			<column TYPE='varchar(255)' >shipping_address</column>
			<column TYPE='varchar(255)' >billing_firstname</column>
			<column TYPE='varchar(255)' >billing_lastname</column>
			<column TYPE='varchar(255)' >billing_country</column>
			<column TYPE='varchar(255)' >billing_state</column>
			<column TYPE='varchar(64)' >billing_zip</column>
			<column TYPE='varchar(255)' >billing_city</column>
			<column TYPE='varchar(255)' >billing_address</column>
      <column TYPE='varchar(255)' >phone</column>
			<column TYPE='varchar(255)' >mobile</column>
			<column TYPE='varchar(255)' >cc_number</column>
			<column TYPE='varchar(255)' >cc_holdername</column>
			<column TYPE='char(255)' >cc_expires</column>
			<column TYPE='varchar(255)' >cc_cvv</column>
			<column TYPE='int' DEFAULT='0' >affiliateID</column>
			<column TYPE='varchar(255)' >shippingServiceInfo</column>
			<column TYPE='varchar(255)' >refnum</column>
			<ForeignKey REFERTO='Parsp_order_status.statusID' >statusID</ForeignKey>
			<ForeignKey REFERTO='Parsp_customers.customerID' >customerID</ForeignKey>
		</table>

		<table name='Parsp_order_status' alias='ORDER_STATUES_TABLE' > 
			<column TYPE='int' PRIMARYKEY='true' IDENTITY='true' >statusID</column>
			<column TYPE='varchar(255)' MULTI='true' >status_name</column>
			<column TYPE='int' >sort_order</column>
		</table>

		<table name='Parsp_ordered_carts' alias='ORDERED_CARTS_TABLE' > 
			<column TYPE='int' PRIMARYKEY='true' >itemID</column>
			<column TYPE='int' PRIMARYKEY='true' >orderID</column>
			<column TYPE='varchar(255)' >name</column>
			<column TYPE='float' >Price</column>
			<column TYPE='int' >Quantity</column>
			<column TYPE='float' >tax</column>
			<column TYPE='int' DEFAULT='0' >load_counter</column>
			<column TYPE='int'>productID</column>
			<ForeignKey REFERTO='Parsp_shopping_cart_items.itemID' >itemID</ForeignKey>
			<ForeignKey REFERTO='Parsp_orders.orderID' >orderID</ForeignKey>
		</table>

		<table name='Parsp_products' alias='PRODUCTS_TABLE'  PRODUCTANDCATEGORYSYNC='true' > 
			<column TYPE='int' PRIMARYKEY='true' IDENTITY='true' >productID</column>
			<column TYPE='int' INDEX='IDX_PRODUCTS1' >categoryID</column>
			<column TYPE='varchar(255)' MULTI='true' >name</column>
			<column TYPE='text' MULTI='true' >description</column>
			<column TYPE='float' DEFAULT='0' >customers_rating</column>
			<column TYPE='float' >Price</column>
			<column TYPE='int' >in_stock</column>
			<column TYPE='int' DEFAULT='0' >customer_votes</column>
			<column TYPE='int' NULLABLE='false' >items_sold</column>
			<column TYPE='int' >enabled</column>
			<column TYPE='text' MULTI='true' >brief_description</column>
			<column TYPE='float' >list_price</column>
			<column TYPE='varchar(25)' >product_code</column>
			<column TYPE='int' DEFAULT='0' >sort_order</column>
			<column TYPE='int' >default_video</column>
			<column TYPE='int' >default_picture</column>
			<column TYPE='datetime' >date_added</column>
			<column TYPE='datetime' >date_modified</column>
			<column TYPE='int' DEFAULT='0' >viewed_times</column>
			<column TYPE='varchar(255)' >eproduct_filename</column>
			<column TYPE='int' DEFAULT='5' >eproduct_available_days</column>
			<column TYPE='int' DEFAULT='5' >eproduct_download_times</column>
			<column TYPE='float' DEFAULT='0' >weight</column>
			<column TYPE='varchar(255)' >meta_description</column>
			<column TYPE='varchar(255)' >meta_keywords</column>
			<column TYPE='int' DEFAULT='0' >free_shipping</column>
			<column TYPE='int' DEFAULT='1' >min_order_amount</column>
			<column TYPE='float' DEFAULT='0' >shipping_freight</column>
			<column TYPE='int' DEFAULT='0' >is_account</column>
			<column TYPE='int' >classID</column>
			<column TYPE='varchar(255)' >cod_link</column>
			<ForeignKey REFERTO='Parsp_categories.categoryID' >categoryID</ForeignKey>
			<ForeignKey REFERTO='Parsp_tax_classes.classID' >classID</ForeignKey>
		</table>

		<table name='Parsp_categories' alias='CATEGORIES_TABLE'  PRODUCTANDCATEGORYSYNC='true' > 
			<column TYPE='int' PRIMARYKEY='true' IDENTITY='true' >categoryID</column>
			<column TYPE='varchar(255)' MULTI='true' >name</column>
			<column TYPE='int' INDEX='IDX_CATEGORIES1' >parent</column>
			<column TYPE='int' >products_count</column>
			<column TYPE='text' MULTI='true'>description</column>
			<column TYPE='varchar(30)' >picture</column>
			<column TYPE='int' >products_count_admin</column>
			<column TYPE='int' DEFAULT='0' >sort_order</column>
			<column TYPE='int' DEFAULT='0' >viewed_times</column>
			<column TYPE='int' DEFAULT='0' >allow_products_comparison</column>
			<column TYPE='int' DEFAULT='1' >allow_products_search</column>
			<column TYPE='int' DEFAULT='1' >show_subcategories_products</column>
			<column TYPE='int' DEFAULT='1' >enabled</column>			      			
      <column TYPE='varchar(255)' >slug</column>
			<column TYPE='varchar(255)' >meta_description</column>
			<column TYPE='varchar(255)' >meta_keywords</column>						
		</table>

		<table name='Parsp_category_product' alias='CATEGORIY_PRODUCT_TABLE'  PRODUCTANDCATEGORYSYNC='true' > 
			<column TYPE='int' PRIMARYKEY='true' >productID</column>
			<column TYPE='int' PRIMARYKEY='true' >categoryID</column>
			<ForeignKey REFERTO='Parsp_products.productID' >productID</ForeignKey>
			<ForeignKey REFERTO='Parsp_categories.categoryID' >categoryID</ForeignKey>
		</table>

		<table name='Parsp_shopping_carts' alias='SHOPPING_CARTS_TABLE' > 
			<column TYPE='int' PRIMARYKEY='true' >customerID</column>
			<column TYPE='int' PRIMARYKEY='true' >itemID</column>
			<column TYPE='int' >Quantity</column>
			<ForeignKey REFERTO='Parsp_shopping_cart_items.itemID' >itemID</ForeignKey>
			<ForeignKey REFERTO='Parsp_customers.customerID' >customerID</ForeignKey>
		</table>

		<table name='Parsp_news_table' alias='NEWS_TABLE' > 
			<column TYPE='int' PRIMARYKEY='true' IDENTITY='true' >NID</column>
			<column TYPE='varchar(50)' >add_date</column>
			<column TYPE='text' >title</column>
			<column TYPE='varchar(30)' >picture</column>
			<column TYPE='text' >textToPublication</column>
			<column TYPE='text' >textToMail</column>
			<column TYPE='int' >add_stamp</column>
			<column TYPE='int' >priority</column>
			<column TYPE='int' >emailed</column>
		</table>

		<table name='Parsp_discussions' alias='DISCUSSIONS_TABLE'  PRODUCTANDCATEGORYSYNC='true' > 
			<column TYPE='int' PRIMARYKEY='true' IDENTITY='true' >DID</column>
			<column TYPE='int' >productID</column>
			<column TYPE='varchar(255)' >Author</column>
			<column TYPE='text' >Body</column>
			<column TYPE='datetime' >add_time</column>
			<column TYPE='varchar(255)' >Topic</column>
			<ForeignKey REFERTO='Parsp_products.productID' >productID</ForeignKey>
		</table>

		<table name='Parsp_subscribers' alias='MAILING_LIST_TABLE' > 
			<column TYPE='int' PRIMARYKEY='true' IDENTITY='true' >MID</column>
			<column TYPE='varchar(50)' >Email</column>
			<column TYPE='int' NULLABLE='true' >customerID</column>
			<ForeignKey REFERTO='Parsp_customers.customerID' >customerID</ForeignKey>
		</table>

		<table name='Parsp_related_items' alias='RELATED_PRODUCTS_TABLE'  PRODUCTANDCATEGORYSYNC='true' > 
			<column TYPE='int' PRIMARYKEY='true' >productID</column>
			<column TYPE='int' PRIMARYKEY='true' >Owner</column>
			<ForeignKey REFERTO='Parsp_products.productID' >productID</ForeignKey>
			<ForeignKey REFERTO='Parsp_products.productID' >Owner</ForeignKey>
		</table>

		<table name='Parsp_product_options' alias='PRODUCT_OPTIONS_TABLE'  PRODUCTANDCATEGORYSYNC='true' > 
			<column TYPE='int' PRIMARYKEY='true' IDENTITY='true' >optionID</column>
			<column TYPE='varchar(255)' MULTI='true' >name</column>
			<column TYPE='int' DEFAULT='0' >sort_order</column>
		</table>

		<table name='Parsp_product_options_values' alias='PRODUCT_OPTIONS_VALUES_TABLE'  PRODUCTANDCATEGORYSYNC='true' > 
			<column TYPE='int' PRIMARYKEY='true' >optionID</column>
			<column TYPE='int' PRIMARYKEY='true' >productID</column>
			<column TYPE='varchar(255)' MULTI='true' >option_value</column>
			<column TYPE='bit' DEFAULT='0' >option_type</column>
			<column TYPE='int' DEFAULT='1' >option_show_times</column>
			<column TYPE='int' >variantID</column>
			<ForeignKey REFERTO='Parsp_products.productID' >productID</ForeignKey>
			<ForeignKey REFERTO='Parsp_products_opt_val_variants.variantID' >variantID</ForeignKey>
			<ForeignKey REFERTO='Parsp_product_options.optionID' >optionID</ForeignKey>
		</table>

		<table name='Parsp_products_opt_val_variants' alias='PRODUCTS_OPTIONS_VALUES_VARIANTS_TABLE'  PRODUCTANDCATEGORYSYNC='true' > 
			<column TYPE='int' PRIMARYKEY='true' IDENTITY='true' >variantID</column>
			<column TYPE='int' NULLABLE='false' >optionID</column>
			<column TYPE='varchar(255)' MULTI='true' >option_value</column>
			<column TYPE='int' DEFAULT='0' >sort_order</column>
			<ForeignKey REFERTO='Parsp_product_options.optionID' >optionID</ForeignKey>
		</table>

		<table name='Parsp_product_options_set' alias='PRODUCTS_OPTIONS_SET_TABLE'  PRODUCTANDCATEGORYSYNC='true' > 
			<column TYPE='int' PRIMARYKEY='true' >productID</column>
			<column TYPE='int' PRIMARYKEY='true' >optionID</column>
			<column TYPE='int' PRIMARYKEY='true' >variantID</column>
			<column TYPE='float' DEFAULT='0' >price_surplus</column>
			<ForeignKey REFERTO='Parsp_product_options_values.optionID,productID' >optionID,
				productID</ForeignKey>
			<ForeignKey REFERTO='Parsp_products_opt_val_variants.variantID' >variantID</ForeignKey>
		</table>

		<table name='Parsp_customers' alias='CUSTOMERS_TABLE' > 
			<column TYPE='int' PRIMARYKEY='true' IDENTITY='true' >customerID</column>
			<column TYPE='varchar(32)' >Login</column>
			<column TYPE='varchar(255)' NULLABLE='false' >cust_password</column>
			<column TYPE='varchar(64)' >Email</column>
			<column TYPE='varchar(255)' >first_name</column>
			<column TYPE='varchar(255)' >last_name</column>
			<column TYPE='varchar(255)' >phone</column>
			<column TYPE='varchar(255)' >mobile</column>
			<column TYPE='int' >subscribed4news</column>
			<column TYPE='int' >custgroupID</column>
			<column TYPE='int' >addressID</column>
			<column TYPE='datetime' >reg_datetime</column>
			<column TYPE='varchar(16)' NULLABLE='false' DEFAULT='""' >ActivationCode</column>
			<column TYPE='int' >CID</column>
			<column TYPE='int' NULLABLE='false' DEFAULT='0' INDEX='affiliateID' >affiliateID</column>
			<column TYPE='int' NULLABLE='false' DEFAULT='1' >affiliateEmailOrders</column>
			<column TYPE='int' NULLABLE='false' DEFAULT='1' >affiliateEmailPayments</column>
			<column TYPE='int' NULLABLE='false' DEFAULT='0' >credit</column>
			<ForeignKey REFERTO='Parsp_custgroups.custgroupID' >custgroupID</ForeignKey>
			<ForeignKey REFERTO='Parsp_customer_addresses.addressID' >addressID</ForeignKey>
			<ForeignKey REFERTO='Parsp_currency_types.CID' >CID</ForeignKey>
		</table>

		<table name='Parsp_custgroups' alias='CUSTGROUPS_TABLE' > 
			<column TYPE='int' PRIMARYKEY='true' IDENTITY='true' >custgroupID</column>
			<column TYPE='varchar(255)' >custgroup_name</column>
			<column TYPE='float' DEFAULT='0' >custgroup_discount</column>
			<column TYPE='text' DEFAULT='""' >action_list</column>
			<column TYPE='int' DEFAULT='0' >sort_order</column>
		</table>

		<table name='Parsp_countries' alias='COUNTRIES_TABLE' > 
			<column TYPE='int' PRIMARYKEY='true' IDENTITY='true' >countryID</column>
			<column TYPE='varchar(255)' MULTI='true' >country_name</column>
			<column TYPE='varchar(3)' >country_iso_2</column>
			<column TYPE='varchar(255)' >country_iso_3</column>
		</table>

		<table name='Parsp_cities' alias='CITY_TABLE' > 
			<column TYPE='int' PRIMARYKEY='true' IDENTITY='true' >cityID</column>
			<column TYPE='varchar(255)' MULTI='true' >city_name</column>
			<column TYPE='char(64)' >city_code</column>
			<column TYPE='char(64)' >zone_code</column>
			<column TYPE='varchar(3)' >country_iso_2</column>
			<column TYPE='int' >zoneID</column>			
      <column TYPE='int' >city_codeim</column>			
			<ForeignKey REFERTO='Parsp_countries.countryID' >zoneID</ForeignKey>
		</table>
		
    <table name='Parsp_zones' alias='ZONES_TABLE' > 
			<column TYPE='int' PRIMARYKEY='true' IDENTITY='true' >zoneID</column>
			<column TYPE='varchar(255)' MULTI='true' >zone_name</column>
			<column TYPE='char(64)' >zone_code</column>
			<column TYPE='varchar(3)' >country_iso_2</column>
			<column TYPE='int' >zone_codepp</column>
      <column TYPE='int' >zone_codeim</column>			
			<ForeignKey REFERTO='Parsp_countries.countryID' >countryID</ForeignKey>
		</table>
		
		<table name='Parsp_cusomer_log' alias='CUSTOMER_LOG_TABLE' > 
			<column TYPE='int' NULLABLE='false' >customerID</column>
			<column TYPE='varchar(15)' >customer_ip</column>
			<column TYPE='datetime' >customer_logtime</column>
			<ForeignKey REFERTO='Parsp_customers.customerID' >customerID</ForeignKey>
		</table>

		<table name='Parsp_customer_addresses' alias='CUSTOMER_ADDRESSES_TABLE' > 
			<column TYPE='int' PRIMARYKEY='true' IDENTITY='true' >addressID</column>
			<column TYPE='int' NULLABLE='false' >customerID</column>
			<column TYPE='varchar(255)' >first_name</column>
			<column TYPE='varchar(255)' >last_name</column>
			<column TYPE='int' NULLABLE='true' >countryID</column>
			<column TYPE='int' NULLABLE='true' >zoneID</column>
			<column TYPE='int' NULLABLE='true' >cityID</column>
			<column TYPE='varchar(64)' >zip</column>
			<column TYPE='varchar(255)' >state</column>
			<column TYPE='varchar(255)' >city</column>
			<column TYPE='varchar(255)' >address</column>
      <column TYPE='varchar(255)' >phone</column>
			<column TYPE='varchar(255)' >mobile</column>
			<ForeignKey REFERTO='Parsp_customers.customerID' >customerID</ForeignKey>
			<ForeignKey REFERTO='Parsp_zones.zoneID' >zoneID</ForeignKey>
			<ForeignKey REFERTO='Parsp_countries.countryID' >countryID</ForeignKey>
		</table>

		<table name='Parsp_customer_reg_fields' alias='CUSTOMER_REG_FIELDS_TABLE' > 
			<column TYPE='int' PRIMARYKEY='true' IDENTITY='true' >reg_field_ID</column>
			<column TYPE='varchar(32)' MULTI='true' >reg_field_name</column>
			<column TYPE='bit' >reg_field_required</column>
			<column TYPE='int' >sort_order</column>
		</table>

		<table name='Parsp_customer_reg_fields_values' alias='CUSTOMER_REG_FIELDS_VALUES_TABLE' > 
			<column TYPE='int' NULLABLE='false' >reg_field_ID</column>
			<column TYPE='int' NULLABLE='false' >customerID</column>
			<column TYPE='varchar(255)' >reg_field_value</column>
			<ForeignKey REFERTO='Parsp_customer_reg_fields.reg_field_ID' >reg_field_ID</ForeignKey>
			<ForeignKey REFERTO='Parsp_customers.customerID' >customerID</ForeignKey>
		</table>

		<table name='Parsp_customer_reg_fields_values_quickreg' alias='CUSTOMER_REG_FIELDS_VALUES_TABLE_QUICKREG' > 
			<column TYPE='int' NULLABLE='false' >reg_field_ID</column>
			<column TYPE='int' NULLABLE='false' >orderID</column>
			<column TYPE='varchar(255)' >reg_field_value</column>
			<ForeignKey REFERTO='Parsp_customer_reg_fields.reg_field_ID' >reg_field_ID</ForeignKey>
			<ForeignKey REFERTO='Parsp_orders.orderID' >customerID</ForeignKey>
		</table>

		<table name='Parsp_shipping_methods' alias='SHIPPING_METHODS_TABLE' > 
			<column TYPE='int' PRIMARYKEY='true' IDENTITY='true' >SID</column>
			<column TYPE='varchar(255)' MULTI='true' >Name</column>
			<column TYPE='varchar(255)' MULTI='true' >description</column>
			<column TYPE='text' MULTI='true' >email_comments_text</column>
			<column TYPE='varchar(255)'>thumbnail_logo</column>
			<column TYPE='int' >Enabled</column>
			<column TYPE='int' >module_id</column>
			<column TYPE='int' DEFAULT='0' >sort_order</column>			
			<ForeignKey REFERTO='Parsp_modules.module_id' >module_id</ForeignKey>
		</table>

		<table name='Parsp_payment_types' alias='PAYMENT_TYPES_TABLE' > 
			<column TYPE='int' PRIMARYKEY='true' IDENTITY='true' >PID</column>
			<column TYPE='varchar(255)' MULTI='true' >Name</column>
			<column TYPE='varchar(255)' MULTI='true' >description</column>
			<column TYPE='varchar(255)'>thumbnail_logo</column>
			<column TYPE='int' >Enabled</column>
			<column TYPE='int' >calculate_tax</column>
			<column TYPE='int' DEFAULT='0' >sort_order</column>
			<column TYPE='text' MULTI='true' >email_comments_text</column>
			<column TYPE='int' >module_id</column>
			<ForeignKey REFERTO='Parsp_modules.module_id' >module_id</ForeignKey>
		</table>

		<table name='Parsp_payment_types__shipping_methods' alias='SHIPPING_METHODS_PAYMENT_TYPES_TABLE' > 
			<column TYPE='int' PRIMARYKEY='true' >SID</column>
			<column TYPE='int' PRIMARYKEY='true' >PID</column>
			<ForeignKey REFERTO='Parsp_payment_types.PID' >PID</ForeignKey>
			<ForeignKey REFERTO='Parsp_shipping_methods.SID' >SID</ForeignKey>
		</table>

		<table name='Parsp_currency_types' alias='CURRENCY_TYPES_TABLE' > 
			<column TYPE='int' PRIMARYKEY='true' IDENTITY='true' >CID</column>
			<column TYPE='varchar(255)' MULTI='true' >Name</column>
			<column TYPE='varchar(255)' MULTI='true' >code</column>
			<column TYPE='float' >currency_value</column>
			<column TYPE='int' >where2show</column>
			<column TYPE='int' DEFAULT='0' >sort_order</column>
			<column TYPE='char(3)' >currency_iso_3</column>
		</table>

		<table name='Parsp_special_offers' alias='SPECIAL_OFFERS_TABLE'  PRODUCTANDCATEGORYSYNC='true' > 
			<column TYPE='int' PRIMARYKEY='true' IDENTITY='true' >offerID</column>
			<column TYPE='int' >productID</column>
			<column TYPE='int' DEFAULT='0' >sort_order</column>
			<ForeignKey REFERTO='Parsp_products.productID' >productID</ForeignKey>
		</table>

		<table name='Parsp_shopping_cart_items' alias='SHOPPING_CART_ITEMS_TABLE' > 
			<column TYPE='int' PRIMARYKEY='true' IDENTITY='true' >itemID</column>
			<column TYPE='int' >productID</column>
			<ForeignKey REFERTO='Parsp_products.productID' >productID</ForeignKey>
		</table>

		<table name='Parsp_shopping_cart_items_content' alias='SHOPPING_CART_ITEMS_CONTENT_TABLE' > 
			<column TYPE='int' NULLABLE='false' >itemID</column>
			<column TYPE='int' NULLABLE='false' >variantID</column>
			<ForeignKey REFERTO='Parsp_shopping_cart_items.itemID' >itemID</ForeignKey>
			<ForeignKey REFERTO='Parsp_products_opt_val_variants.variantID' >variantID</ForeignKey>
		</table>

		<table name='Parsp_product_pictures' alias='PRODUCT_PICTURES'  PRODUCTANDCATEGORYSYNC='true' > 
			<column TYPE='int' PRIMARYKEY='true' IDENTITY='true' >photoID</column>
			<column TYPE='int' NULLABLE='false' >productID</column>
			<column TYPE='varchar(50)' >filename</column>
			<column TYPE='varchar(50)' >thumbnail</column>
			<column TYPE='varchar(50)' >enlarged</column>
			<ForeignKey REFERTO='Parsp_products.productID' >productID</ForeignKey>
		</table>
		
		<table name='Parsp_product_videos' alias='PRODUCT_VIDEOS'  PRODUCTANDCATEGORYSYNC='true' > 
			<column TYPE='int' PRIMARYKEY='true' IDENTITY='true' >videoID</column>
			<column TYPE='int' NULLABLE='false' >productID</column>
			<column TYPE='varchar(50)' >filename</column>			
			<ForeignKey REFERTO='Parsp_products.productID' >productID</ForeignKey>
		</table>

		<table name='Parsp_aux_pages' alias='AUX_PAGES_TABLE' > 
			<column TYPE='int' PRIMARYKEY='true' IDENTITY='true' >aux_page_ID</column>
			<column TYPE='int' DEFAULT='1' >Enabled</column>
			<column TYPE='varchar(255)' MULTI='true' >aux_page_name</column>
			<column TYPE='text' MULTI='true' >aux_page_text</column>
			<column TYPE='int' >aux_page_text_type</column>
			<column TYPE='varchar(255)' MULTI='true' >meta_keywords</column>
			<column TYPE='text' MULTI='true'>meta_description</column>
		</table>

		<table name='Parsp_settings_groups' alias='SETTINGS_GROUPS_TABLE' > 
			<column TYPE='int' PRIMARYKEY='true' IDENTITY='true' >settings_groupID</column>
			<column TYPE='varchar(255)' >settings_group_name</column>
			<column TYPE='int' DEFAULT='0' >sort_order</column>
		</table>

		<table name='Parsp_settings' alias='SETTINGS_TABLE' > 
			<column TYPE='int' PRIMARYKEY='true' IDENTITY='true' >settingsID</column>
			<column TYPE='int' >settings_groupID</column>
			<column TYPE='varchar(255)' >settings_constant_name</column>
			<column TYPE='varchar(255)' >settings_value</column>
			<column TYPE='varchar(128)' >settings_title</column>
			<column TYPE='varchar(255)' >settings_description</column>
			<column TYPE='varchar(255)' >settings_html_function</column>
			<column TYPE='int' DEFAULT='0' >sort_order</column>
			<ForeignKey REFERTO='Parsp_settings_groups.settings_groupID' >settings_groupID</ForeignKey>
		</table>

		<table name='Parsp_category__product_options' alias='CATEGORY_PRODUCT_OPTIONS_TABLE' > 
			<column TYPE='int' PRIMARYKEY='true' >optionID</column>
			<column TYPE='int' PRIMARYKEY='true' >categoryID</column>
			<column TYPE='int' DEFAULT='1' >set_arbitrarily</column>
			<ForeignKey REFERTO='Parsp_product_options.optionID' >optionID</ForeignKey>
			<ForeignKey REFERTO='Parsp_categories.categoryID' >categoryID</ForeignKey>
		</table>
		
		<table name='Parsp_category_product_options__variants' alias='CATEGORY_PRODUCT_OPTION_VARIANTS' > 
			<column TYPE='int' PRIMARYKEY='true' >optionID</column>
			<column TYPE='int' PRIMARYKEY='true' >categoryID</column>
			<column TYPE='int' PRIMARYKEY='true' >variantID</column>
			<ForeignKey REFERTO='Parsp_category__product_options.optionID,categoryID' >optionID,categoryID</ForeignKey>
		</table>

		<table name='Parsp_tax_classes' alias='TAX_CLASSES_TABLE' > 
			<column TYPE='int' PRIMARYKEY='true' IDENTITY='true' >classID</column>
			<column TYPE='varchar(64)' >name</column>
			<column TYPE='int' >address_type</column>
		</table>

		<table name='Parsp_tax_rates' alias='TAX_RATES_TABLE' > 
			<column TYPE='int' PRIMARYKEY='true' >classID</column>
			<column TYPE='varchar(3)' PRIMARYKEY='true' >country_iso_2</column>
			<column TYPE='bit' >isGrouped</column>
			<column TYPE='float' >value</column>
			<column TYPE='bit' >isByZone</column>
			<ForeignKey REFERTO='Parsp_tax_classes.classID' >classID</ForeignKey>
			<ForeignKey REFERTO='Parsp_countries.countryID' >countryID</ForeignKey>
		</table>

		<table name='Parsp_tax_rates__zones' alias='TAX_RATES_ZONES_TABLE' > 
			<column TYPE='int' PRIMARYKEY='true' >classID</column>
			<column TYPE='int' PRIMARYKEY='true' >zoneID</column>
			<column TYPE='float' >value</column>
			<column TYPE='bit' >isGrouped</column>
			<ForeignKey REFERTO='Parsp_tax_classes.classID' >classID</ForeignKey>
			<ForeignKey REFERTO='Parsp_zones.zoneID' >zoneID</ForeignKey>
		</table>

		<table name='Parsp_tax_zip' alias='TAX_ZIP_TABLE' > 
			<column TYPE='int' PRIMARYKEY='true' IDENTITY='true' >tax_zipID</column>
			<column TYPE='int' >classID</column>
			<column TYPE='int' >countryID</column>
			<column TYPE='varchar(255)' >zip_template</column>
			<column TYPE='float' >value</column>
			<ForeignKey REFERTO='Parsp_tax_classes.classID' >classID</ForeignKey>
			<ForeignKey REFERTO='Parsp_countries.countryID' >countryID</ForeignKey>
		</table>

		<table name='Parsp_modules' alias='MODULES_TABLE' > 
			<column TYPE='int' PRIMARYKEY='true' IDENTITY='true' >module_id</column>
			<column TYPE='varchar(255)' >module_name</column>
			<column TYPE='varchar(255)' >ModuleClassName</column>
		</table>

		<table name='Parsp_order_price_discount' alias='ORDER_PRICE_DISCOUNT_TABLE' > 
			<column TYPE='int' PRIMARYKEY='true' IDENTITY='true' >discount_id</column>
			<column TYPE='float' >price_range</column>
			<column TYPE='float' >percent_discount</column>
			<column TYPE='varchar(1)'>discount_type</column>
		</table>

		<table name='Parsp_order_status_changelog' alias='ORDER_STATUS_CHANGE_LOG_TABLE' > 
			<column TYPE='int' >orderID</column>
			<column TYPE='varchar(255)' >status_name</column>
			<column TYPE='datetime' >status_change_time</column>
			<column TYPE='varchar(255)' >status_comment</column>
			<ForeignKey REFERTO='Parsp_orders.orderID' >orderID</ForeignKey>
		</table>

		<table name='Parsp_linkexchange_categories' alias='LINK_EXCHANGE_CATEGORIES_TABLE' > 
			<column TYPE='int' PRIMARYKEY='true' IDENTITY='true' >le_cID</column>
			<column TYPE='varchar(100)' >le_cName</column>
			<column TYPE='int' >le_cSortOrder</column>
		</table>

		<table name='Parsp_linkexchange_links' alias='LINK_EXCHANGE_LINKS_TABLE' > 
			<column TYPE='int' PRIMARYKEY='true' IDENTITY='true' >le_lID</column>
			<column TYPE='varchar(255)' >le_lText</column>
			<column TYPE='varchar(255)' >le_lURL</column>
			<column TYPE='int' >le_lCategoryID</column>
			<column TYPE='datetime' >le_lVerified</column>
		</table>

		<table name='Parsp_aff_commissions' alias='AFFILIATE_COMMISSIONS_TABLE' > 
			<column TYPE='int' PRIMARYKEY='true' IDENTITY='true' >cID</column>
			<column TYPE='float' >Amount</column>
			<column TYPE='varchar(3)' >CurrencyISO3</column>
			<column TYPE='datetime' >xDateTime</column>
			<column TYPE='varchar(255)' >Description</column>
			<column TYPE='int' >OrderID</column>
			<column TYPE='int' INDEX='CustomerID' >CustomerID</column>
		</table>

		<table name='Parsp_aff_payments' alias='AFFILIATE_PAYMENTS_TABLE' > 
			<column TYPE='int' PRIMARYKEY='true' IDENTITY='true' >pID</column>
			<column TYPE='int' INDEX='CustomerID' >CustomerID</column>
			<column TYPE='float' >Amount</column>
			<column TYPE='varchar(3)' >CurrencyISO3</column>
			<column TYPE='date' >xDate</column>
			<column TYPE='varchar(255)' >Description</column>
		</table>

		<table name='Parsp_accounts' alias='ACCOUNTS_TABLE' > 
			<column TYPE='int' PRIMARYKEY='true' IDENTITY='true'>id</column>
			<column TYPE='int' >productID</column>
			<column TYPE='text'>info</column>
			<column TYPE='text'>serial</column>
			<column TYPE='text'>username</column>
			<column TYPE='text'>password</column>
			<column TYPE='text'>pin</column>
			<column TYPE='int' >orderID</column>
		</table>
			
			
		<table name='Parsp_bankbill_accounts' alias='BANKBILL_ACCOUNTS_TABLE' > 
			<column TYPE='int' PRIMARYKEY='true' IDENTITY='true'>id</column>
			<column TYPE='varchar(255)' >bankname</column>
			<column TYPE='varchar(255)' >accountno</column>
			<column TYPE='varchar(255)'>holder</column>
		</table>
			
		<table name='Parsp_language' alias='LANGUAGE_TABLE' > 
			<column TYPE='int' PRIMARYKEY='true' IDENTITY='true'>id</column>			
			<column TYPE='varchar(255)' DEFAULT='""' NULLABLE='false' >name</column>
			<column TYPE='varchar(55)' DEFAULT='""' NULLABLE='false'>thumbnail</column>
			<column TYPE='varchar(2)' DEFAULT='"fa"'>iso2</column>
			<column TYPE='int' DEFAULT='0'>isdefault</column>
			<column TYPE='int' DEFAULT='0' NULLABLE='false' >enabled</column>			
			<column TYPE='int' DEFAULT='0' NULLABLE='false' >priority</column>
			<column TYPE='int' DEFAULT='0' NULLABLE='false' >direction</column>			
		</table>								
			
		<table name='Parsp_bankbills' alias='BANKBILLS_TABLE' > 
			<column TYPE='int' PRIMARYKEY='true' IDENTITY='true'>id</column>
			<column TYPE='int' >customerID</column>
			<column TYPE='varchar(255)' >billfor</column>
			<column TYPE='varchar(255)' >Account</column>
			<column TYPE='varchar(255)' >date</column>
			<column TYPE='varchar(255)'>billno</column>
			<column TYPE='varchar(255)'>amount</column>
			<column TYPE='varchar(255)'>status</column>
		</table>
      
    <table name='Parsp_locals' alias='LOCALS_TABLE' > 
			<column TYPE='int' PRIMARYKEY='true' IDENTITY='true'>id</column>
			<column TYPE='varchar(255)' >expstr</column>
			<column TYPE='text' >translate</column>
			<column TYPE='varchar(3)'>iso2</column>
			<column TYPE='varchar(10)'>grname</column>
			<column TYPE='varchar(10)' DEFAULT='"general"'>subgroup</column>
		</table>
    			
		<table name='Parsp_polls' alias='POLLS_TABLE' > 
			<column TYPE='int' PRIMARYKEY='true' IDENTITY='true'>pollId</column>
			<column TYPE='text'  >pollTitle</column>
			<column TYPE='text'  >pollQuestion</column>
			<column TYPE='text'  >pollAnswers</column>
			<column TYPE='text'>comment</column>
			<column TYPE='datetime'>startTime</column>
			<column TYPE='datetime'>endTime</column>
			<column TYPE='int'>active</column>
		</table>
			
			<table name='Parsp_votes' alias='VOTES_TABLE' > 
			<column TYPE='int' PRIMARYKEY='true' IDENTITY='true'>voteId</column>
			<column TYPE='int'  >pollId</column>
			<column TYPE='int' >answerId</column>
			<column TYPE='varchar(15)'>voteIpAddress</column>			
			<column TYPE='datetime'>voteTime</column>			
			</table>
			
			<table name='Parsp_ads' alias='ADS_TABLE' > 
			<column TYPE='int' PRIMARYKEY='true' IDENTITY='true'>adId</column>
			<column TYPE='int' NULLABLE='false'  >ad_place</column>
			<column TYPE='varchar(255)' NULLABLE='false'  >position_name</column>
			<column TYPE='int' >media_type</column>
			<column TYPE='varchar(255)'>ad_name</column>			
			<column TYPE='varchar(255)'>ad_link</column>			
			<column TYPE='text'>ad_code</column>
			<column TYPE='int'>start_time</column>
			<column TYPE='int'>end_time</column>			
			<column TYPE='int'>ad_order</column>
			<column TYPE='int'>click_max</column>
			<column TYPE='int'>click_count</column>
			<column TYPE='int'>Enabled</column>
			<column TYPE='varchar(255)'>ad_condition</column>
			</table>
      <table name='Parsp_product_list' alias='TBL_PRODUCT_LIST'>
         <column TYPE='varchar(20)' NULLABLE='false'>list_id</column>
			   <column TYPE='varchar(255)' NULLABLE='false'>list_name</column>			
			   <column TYPE='varchar(255)' NULLABLE='false'>orderbtn</column>        
			   <column TYPE='varchar(255)' NULLABLE='false'>postbtn</column>
      </table>
      <table name='Parsp_discount_coupons' alias='TBL_DISCOUNT_COUPONS'>
         <column TYPE='int' PRIMARYKEY='true' IDENTITY='true'>coupon_id</column>      
			   <column TYPE='varchar(10)'>coupon_code</column>			
			   <column TYPE='varchar(1)'>is_active</column>        
			   <column TYPE='varchar(2)'>coupon_type</column>			   
			   <column TYPE='varchar(10)'>expire_date</column>
			   <column TYPE='float'>discount_percent</column>
			   <column TYPE='float'>discount_absolute</column>
			   <column TYPE='varchar(1)'>discount_type</column>
			   <column TYPE='varchar(255)'>comment</column>
      </table>
      <table name='Parsp_orders_discount_coupons' alias='TBL_ORDERS_DISCOUNT_COUPONS'>
         <column TYPE='int' >order_id</column>      
			   <column TYPE='int'>coupon_id</column>			
      </table>
      <table name='Parsp_product_list_item' alias='TBL_PRODUCT_LIST_ITEM'>
         <column TYPE='varchar(20)'>list_id</column>      
			   <column TYPE='int'>productID</column>			
			   <column TYPE='int'>priority</column>        
      </table>
                                                                                                                   
	</tables>
</DataBaseStructure>